ResultId,Time
1,12.664939880371094
2,26.99056839942932
3,8.135693550109863
4,27.737765073776245
5,27.02390146255493
6,9.625633955001831
7,25.97817873954773
8,27.540339469909668
9,11.228523969650269
10,22.141488552093506
11,22.63594341278076
12,21.96527338027954
13,12.070509672164917
14,14.123321056365967
15,12.680487632751465
16,10.999453067779541
17,10.45200228691101
18,12.253146886825562
19,11.547729015350342
20,22.375999927520752
21,8.92840838432312
22,22.461248874664307
23,24.16723346710205
24,24.053317070007324
25,21.819962739944458
26,12.855068683624268
27,8.306581497192383
28,10.444418668746948
29,22.186055660247803
30,4.7625813484191895
31,14.459923267364502
32,21.97181749343872
33,22.161679983139038
34,7.7330522537231445
35,19.44154453277588
36,5.9414284229278564
37,8.986173391342163
38,6.04746675491333
39,22.206764698028564
40,22.316556453704834
41,22.158199787139893
42,18.182220220565796
43,22.445568084716797
44,16.400699138641357
45,16.511194705963135
46,12.986200332641602
47,22.189902305603027
48,22.67052149772644
49,23.368935585021973
50,22.662312269210815
51,9.7157883644104
52,23.196293830871582
53,22.35696840286255
54,22.679101943969727
55,16.399903297424316
56,15.196846961975098
57,15.868648052215576
58,27.0425546169281
59,22.569814443588257
60,15.483366012573242
61,22.996941566467285
62,22.9072208404541
63,22.61322855949402
64,16.932778120040894
65,23.642600536346436
66,24.793944835662842
67,23.314637422561646
68,28.737934112548828
69,20.808712244033813
70,19.494765043258667
71,19.797093391418457
72,5.570149183273315
73,17.036847591400146
74,23.737834930419922
75,29.647329807281494
76,12.604428052902222
77,28.89516282081604
78,21.371102571487427
79,9.197128295898438
80,12.350412607192993
81,7.588090181350708
82,20.071624994277954
83,10.339610815048218
84,9.233732461929321
85,7.3831257820129395
86,9.84583330154419
87,11.642046689987183
88,9.87224531173706
89,7.409513711929321
90,15.823479652404785
91,8.386630296707153
92,26.64741325378418
93,6.6983561515808105
94,6.245763778686523
95,6.1723313331604
96,7.197010517120361
97,5.632053852081299
98,18.099578380584717
99,6.275329828262329
100,7.088009595870972
101,12.904883861541748
102,8.62322449684143
103,21.11135721206665
104,9.594462156295776
105,9.771181106567383
106,22.76646876335144
107,16.471891164779663
108,22.317638635635376
109,7.042832612991333
110,6.9903786182403564
111,7.600869178771973
112,22.746675968170166
113,12.05793023109436
114,7.235389471054077
115,21.06452512741089
117,26.070064783096313
118,11.290197372436523
119,26.419243812561035
120,14.11633849143982
121,8.118621587753296
122,7.526785612106323
123,23.92279553413391
124,22.765355587005615
125,6.396745681762695
126,7.148420333862305
127,9.121186017990112
128,20.368455410003662
129,4.064854383468628
130,22.820061922073364
131,23.560945749282837
132,8.272289276123047
133,10.853542566299438
134,21.270514249801636
135,9.719690561294556
136,7.278500080108643
137,7.336017370223999
138,23.84207510948181
139,22.55502223968506
140,22.973835229873657
141,8.05004096031189
142,9.41624903678894
143,22.750557899475098
144,7.408522844314575
145,12.022109508514404
146,22.71490454673767
147,6.743993520736694
148,6.3352370262146
149,9.518076419830322
150,18.631171226501465
151,6.154090166091919
152,12.015268564224243
153,14.204251050949097
154,7.0157084465026855
155,10.608442306518555
156,7.426837682723999
157,7.334004640579224
158,6.726089239120483
159,20.392937183380127
160,7.996662139892578
161,7.8472816944122314
162,11.987321138381958
163,6.837376832962036
164,23.431838750839233
165,22.934777975082397
166,22.49646782875061
167,23.166491508483887
168,23.087228775024414
169,11.247375726699829
170,7.168364763259888
171,23.050100326538086
172,23.611030101776123
173,6.255720138549805
174,23.6412615776062
175,7.165621519088745
176,14.604555368423462
177,7.7666239738464355
178,7.344587326049805
179,8.501364707946777
180,8.111116886138916
181,7.13711953163147
182,7.676953077316284
183,24.097570180892944
184,7.23184609413147
185,22.822532176971436
186,18.474572896957397
187,23.28784942626953
188,18.917325496673584
189,23.383904218673706
190,21.80825185775757
191,15.949434518814087
192,7.003169059753418
193,7.047693967819214
194,16.114666223526
195,23.605265855789185
196,23.705079793930054
197,17.2369167804718
198,13.97026515007019
199,11.662973880767822
200,16.29065227508545
201,23.30121684074402
202,23.053956747055054
203,23.891680240631104
204,11.720779180526733
205,13.980827569961548
206,23.410317182540894
207,23.116604328155518
208,14.694033861160278
209,23.853315830230713
210,28.751497268676758
211,26.652966260910034
212,16.134231567382812
214,12.712832927703857
215,8.081574201583862
216,26.57327938079834
217,30.213804721832275
218,7.303231239318848
219,10.97847604751587
220,8.81804871559143
221,9.256470441818237
222,26.623224020004272
223,9.045577049255371
224,28.86982297897339
225,28.620854139328003
226,27.314946174621582
227,27.920902729034424
228,24.715561151504517
229,8.275317430496216
230,9.300554752349854
231,9.141141653060913
232,9.057755470275879
233,29.818562746047974
234,22.980195999145508
235,26.63512110710144
236,28.22027564048767
237,20.393754720687866
238,16.661046504974365
239,29.147135734558105
240,9.846769571304321
241,8.366951704025269
242,32.00732731819153
243,22.53124237060547
244,9.593812227249146
245,9.861047267913818
246,10.152724266052246
247,9.517664909362793
248,6.987852573394775
249,28.391467332839966
250,9.396905183792114
251,19.587628841400146
252,29.367454051971436
253,26.42656636238098
254,31.503629207611084
255,30.438320875167847
256,29.28286647796631
257,28.727781534194946
258,31.64124631881714
259,19.275100708007812
260,11.029903888702393
261,31.692480087280273
262,16.043522119522095
263,14.733693361282349
264,10.280110359191895
265,19.43267822265625
266,29.158050060272217
267,10.165556907653809
268,14.527060747146606
269,32.278932332992554
270,29.858508586883545
271,28.651540756225586
272,29.383546113967896
273,15.188811302185059
274,28.20957922935486
275,21.186102390289307
276,27.50725769996643
277,28.515205144882202
278,10.036636114120483
279,30.334441900253296
280,29.48343515396118
281,26.253034114837646
282,10.872631311416626
283,12.51747751235962
284,29.93759036064148
285,13.336801290512085
286,31.13675308227539
287,10.807453155517578
288,9.123734474182129
289,9.791314601898193
290,18.305551290512085
291,15.792137622833252
292,16.213592052459717
293,31.841411352157593
294,8.981586694717407
295,11.46520471572876
296,31.86523699760437
297,9.913858890533447
298,10.177811861038208
299,10.851508617401123
300,16.864047288894653
301,15.367108821868896
302,16.06779718399048
303,31.255698442459106
304,33.11340546607971
305,31.484492301940918
306,33.06892728805542
307,12.67696237564087
308,35.59290790557861
309,34.65929698944092
310,36.888346910476685
311,11.102215766906738
312,31.8500657081604
313,31.066476106643677
314,31.208399534225464
315,31.957751274108887
316,30.128648281097412
317,27.315723419189453
318,17.48069930076599
319,11.181891441345215
320,10.5573570728302
321,6.352976083755493
322,33.12530064582825
323,17.292673349380493
324,11.167533874511719
325,32.51188898086548
326,29.91494584083557
327,27.314937829971313
328,30.092914581298828
329,17.25642728805542
330,31.14085817337036
331,30.941593647003174
332,9.372834205627441
333,10.420735120773315
334,9.054940938949585
335,32.55753231048584
336,17.97914171218872
337,33.4443039894104
338,9.945919275283813
339,21.921864986419678
340,8.905329704284668
341,18.178792476654053
342,9.566604852676392
343,26.883199453353882
344,32.2085919380188
345,24.266794204711914
346,9.77142596244812
347,12.418749570846558
348,32.0632164478302
349,34.2833206653595
350,17.79562211036682
351,10.011625528335571
352,15.57546353340149
353,10.552737951278687
354,32.78833842277527
355,9.530199766159058
356,9.493704557418823
357,11.79956316947937
358,34.1307635307312
359,9.781112909317017
360,8.068470001220703
361,10.45323920249939
362,11.834981679916382
363,10.575549602508545
364,14.155571222305298
365,34.76958918571472
366,33.061012506484985
367,8.891942262649536
368,9.3046293258667
369,14.81836986541748
370,33.933347940444946
371,28.619382619857788
372,32.53038001060486
373,7.609243154525757
374,11.913838624954224
375,27.548133611679077
376,27.29223108291626
377,9.804444313049316
378,28.20545196533203
379,9.235404253005981
380,10.862958192825317
381,9.027333974838257
382,31.335599660873413
383,12.462707042694092
384,32.11880660057068
385,16.104934215545654
386,22.105545043945312
387,41.369434118270874
388,49.08656334877014
389,17.610041856765747
390,16.197422742843628
391,20.505380392074585
392,46.819440841674805
393,72.45663213729858
394,12.816159009933472
395,8.118228435516357
396,11.223203897476196
397,33.279860496520996
398,26.658219814300537
399,33.703556299209595
400,9.756974220275879
401,9.152356386184692
402,32.77504277229309
403,10.779134273529053
404,34.156039237976074
405,12.030524492263794
406,16.611608743667603
407,14.983273983001709
408,38.23643517494202
409,12.266494274139404
410,35.45436477661133
411,34.33203315734863
412,32.24016094207764
413,37.13124179840088
414,12.139519453048706
415,12.063511371612549
416,10.36384654045105
417,36.32363533973694
418,24.72527289390564
419,30.254024505615234
420,33.77791619300842
421,12.613397598266602
422,34.250847816467285
423,13.841681480407715
424,33.89324450492859
425,12.565298795700073
426,33.6984224319458
427,36.18943238258362
428,33.37447261810303
429,13.002609252929688
430,9.021832704544067
431,7.348225831985474
432,34.01634979248047
433,11.498810529708862
434,32.421833753585815
435,32.60930609703064
436,35.03348159790039
437,32.2680344581604
438,37.20534920692444
439,38.199751138687134
440,31.085395097732544
441,11.5411856174469
442,34.88051772117615
443,7.821386098861694
444,6.560343265533447
445,35.85479259490967
446,9.399559259414673
447,12.275256872177124
448,12.072381973266602
449,26.04763126373291
450,12.710318326950073
451,9.315975904464722
452,10.933054685592651
453,33.5880024433136
454,24.48146080970764
455,35.494251012802124
456,12.404030799865723
457,35.53330874443054
458,35.549821615219116
459,35.60105109214783
460,38.07596135139465
461,11.132194995880127
462,10.487440347671509
463,11.088571548461914
464,35.04600429534912
465,8.22627854347229
466,8.267542362213135
467,11.204566478729248
468,31.1947238445282
469,12.039236783981323
470,35.177223682403564
471,38.61867666244507
472,41.46626663208008
473,11.284547567367554
474,36.6011757850647
475,8.316681861877441
476,12.160293579101562
477,19.508448123931885
478,14.173292398452759
479,38.82235074043274
480,38.90587878227234
481,18.536278009414673
482,23.595664978027344
483,31.65032935142517
484,12.02322268486023
485,34.22295928001404
486,12.898094892501831
487,17.19490361213684
488,30.601421117782593
489,8.366834163665771
490,35.16055989265442
491,36.58126878738403
492,11.171083688735962
493,11.172183513641357
494,35.0852370262146
495,7.048751354217529
496,12.242003917694092
497,36.444145917892456
498,12.776109218597412
499,7.019632816314697
500,13.626052618026733
501,11.006126403808594
502,35.30410432815552
503,35.65641713142395
504,31.896225452423096
505,29.35539436340332
506,29.846412658691406
507,27.918120861053467
508,7.32709002494812
510,10.433171033859253
511,6.4211814403533936
512,8.825300931930542
513,28.78395128250122
514,26.70774221420288
515,10.956226587295532
516,28.114453077316284
517,13.387511014938354
518,14.328675985336304
519,6.188310384750366
520,20.057666540145874
522,11.720617055892944
523,12.063784122467041
524,7.531665325164795
525,19.865846633911133
526,10.63754940032959
527,11.206603527069092
528,9.360273838043213
529,5.475962162017822
530,28.629078149795532
531,32.412261724472046
532,6.015463829040527
533,11.929269313812256
534,30.90465021133423
535,9.261873245239258
536,6.6587073802948
537,7.991637229919434
538,10.553992509841919
539,6.390235662460327
540,5.969446897506714
541,17.43127965927124
542,31.34596037864685
543,11.55952501296997
544,14.573827505111694
545,29.307635068893433
546,6.979996204376221
547,11.239901304244995
548,22.39244818687439
549,10.628681421279907
550,28.603872299194336
551,10.937159538269043
552,28.752307653427124
553,32.40897488594055
554,27.496203660964966
555,8.952447175979614
556,9.847131729125977
557,20.64656090736389
558,26.54769277572632
559,16.471158504486084
560,25.934210777282715
561,25.597578763961792
562,34.60423970222473
563,7.440134525299072
564,8.885242700576782
565,31.545739889144897
566,30.798566341400146
567,9.210526943206787
568,10.489835977554321
569,24.94947862625122
570,20.198021411895752
571,6.196547031402588
572,10.073657512664795
573,29.191915273666382
574,19.553483963012695
575,6.002833843231201
576,27.58726954460144
577,7.859606742858887
578,31.613932609558105
579,30.72334098815918
580,11.478064060211182
581,32.12902331352234
582,7.127648830413818
583,29.709489583969116
584,31.004528999328613
585,32.10566973686218
586,25.317952871322632
587,9.704616069793701
588,29.34720516204834
589,11.539803504943848
590,9.905900478363037
591,17.01373267173767
592,9.860219717025757
593,29.821043968200684
594,30.289975881576538
595,32.415409326553345
596,36.78900146484375
597,32.213379859924316
598,35.09107041358948
599,10.317470073699951
600,10.334107398986816
601,12.094687223434448
602,35.908424615859985
603,59.642284870147705
604,17.19982647895813
605,14.661812543869019
606,10.05377745628357
607,45.813440799713135
608,50.82788705825806
609,8.948350667953491
610,17.415735721588135
611,12.332451581954956
612,18.826374053955078
613,9.998759031295776
614,14.156718492507935
615,13.312124490737915
616,9.429550170898438
617,12.983051538467407
618,37.07312726974487
619,10.573497295379639
620,6.515106916427612
621,17.383809804916382
622,11.012794733047485
623,38.10126352310181
624,40.117231369018555
625,12.605512857437134
626,36.968650102615356
627,36.89057683944702
628,11.96555757522583
629,36.23298978805542
630,8.468677997589111
631,15.06853723526001
632,7.00459361076355
633,12.70481824874878
634,15.600955724716187
635,28.517642498016357
636,12.2789945602417
637,11.569422721862793
638,11.614729166030884
639,28.75413489341736
640,23.65667748451233
641,13.044272422790527
642,10.936956644058228
643,10.274070739746094
644,10.755421161651611
645,10.469886541366577
646,32.64364528656006
647,7.610315799713135
648,30.578162670135498
649,13.041963338851929
650,6.882909774780273
651,6.188138961791992
652,7.639594554901123
653,6.3394341468811035
654,10.616860628128052
655,33.52288293838501
656,30.458497047424316
657,28.194797039031982
658,24.74074697494507
659,31.28184461593628
660,12.610500812530518
661,7.333244323730469
662,30.9367356300354
663,7.8530871868133545
664,6.053919792175293
665,30.101765394210815
666,5.9234044551849365
667,6.353724241256714
668,5.709346532821655
669,6.0699944496154785
670,8.528357744216919
671,8.8137526512146
672,5.72217321395874
673,6.835259914398193
674,8.881508827209473
675,8.7257981300354
676,32.72483563423157
677,15.642756223678589
678,9.383356094360352
679,31.739990949630737
680,32.56495714187622
681,16.946624040603638
682,28.991064071655273
683,19.44686722755432
684,13.317373275756836
685,8.509380578994751
686,34.909348249435425
687,31.013848304748535
688,10.661958694458008
689,11.94866418838501
690,6.370373487472534
691,8.452481031417847
692,9.73150110244751
693,16.459688901901245
694,32.40062737464905
695,10.108213901519775
696,9.976825952529907
697,41.192131757736206
698,28.95675253868103
699,6.82905912399292
700,14.586025476455688
701,30.260709047317505
702,8.102854490280151
703,6.5647571086883545
704,31.039665937423706
705,11.008788824081421
706,6.590469598770142
707,30.277679443359375
708,15.240214347839355
709,14.194398403167725
710,10.581144094467163
711,6.264347791671753
712,9.73534083366394
713,8.742848873138428
714,14.06512451171875
715,29.018269777297974
716,8.362284660339355
717,30.84670615196228
718,6.515477418899536
719,14.883602619171143
720,13.298537015914917
721,12.726119041442871
722,36.12182688713074
723,15.675179958343506
724,5.4318459033966064
725,7.175105094909668
726,29.74493169784546
727,31.88724398612976
728,14.908616304397583
729,9.537418842315674
730,5.937355041503906
731,5.603596925735474
732,8.062584638595581
733,10.315577507019043
734,19.22304916381836
735,11.723933696746826
736,27.472110986709595
737,32.16302180290222
738,7.163208961486816
739,34.17844605445862
740,6.595645189285278
741,6.689045190811157
742,7.435754060745239
743,34.382384300231934
744,33.47791337966919
745,25.597957849502563
746,9.01948094367981
747,36.72772836685181
748,7.774570941925049
749,27.05661416053772
750,24.350191831588745
751,32.51887059211731
752,26.86096501350403
753,17.9163818359375
754,40.50687527656555
755,28.24589490890503
756,6.540305852890015
757,19.841431617736816
758,32.21758794784546
759,37.731332302093506
760,32.394654273986816
761,35.9992880821228
762,34.22832727432251
763,15.20241379737854
764,6.02706241607666
765,41.400312423706055
766,6.285297155380249
767,16.448970317840576
768,5.534403085708618
769,11.319629907608032
770,33.57337784767151
771,35.158706188201904
772,31.66318917274475
773,27.779600858688354
774,12.121951341629028
775,23.1890287399292
776,7.04288649559021
777,7.195375204086304
778,12.227136611938477
779,32.260587215423584
780,12.462320804595947
781,24.556118488311768
782,35.843783140182495
783,12.186213254928589
784,9.679423570632935
785,38.16132736206055
786,33.677693128585815
787,14.845723628997803
788,22.040037393569946
789,36.02326726913452
790,20.320658206939697
791,36.426191329956055
792,7.182629108428955
793,16.68848991394043
794,32.20337629318237
795,14.233221292495728
796,5.995857238769531
797,14.330461502075195
798,12.318585634231567
799,10.462721824645996
801,14.974015712738037
802,8.796818494796753
803,24.24681520462036
804,9.13715934753418
805,10.277467250823975
806,58.195950508117676
807,15.984102725982666
808,10.848418235778809
809,40.94632601737976
810,58.66941428184509
811,65.41180801391602
812,18.049557209014893
813,15.395925998687744
814,11.90671968460083
815,13.340380907058716
816,25.28468132019043
817,35.85274600982666
818,43.05170774459839
819,22.2420437335968
820,9.041891813278198
821,13.105162382125854
822,57.646907567977905
823,9.569647312164307
824,30.132941961288452
825,39.64056849479675
826,43.7006676197052
