ResultId,Time
1,3.3167600631713867
2,4.619601488113403
3,5.304178476333618
4,4.54284405708313
5,4.707485198974609
6,5.142561674118042
7,4.666577100753784
8,5.000826597213745
9,4.871018648147583
10,4.614364862442017
11,5.15500283241272
12,4.8420960903167725
13,4.719656944274902
14,5.150561094284058
15,4.334562540054321
16,5.083855867385864
17,4.773555755615234
18,5.099176406860352
19,5.01090407371521
20,4.870477199554443
21,5.305971622467041
22,4.657710075378418
23,4.160823345184326
24,4.041692495346069
25,5.734338760375977
26,4.75006365776062
27,5.223341226577759
28,4.702304840087891
29,4.8214147090911865
30,5.417211294174194
31,4.696033477783203
32,4.955600738525391
33,5.328936338424683
34,4.521547079086304
35,4.727295160293579
36,5.02723503112793
37,4.5514326095581055
38,4.776721954345703
39,5.216847658157349
40,4.849151372909546
41,5.291518926620483
42,5.065263271331787
43,4.330068111419678
44,4.859239339828491
45,4.1484925746917725
46,4.0223777294158936
47,4.005694389343262
48,4.841801166534424
49,5.126079320907593
50,4.873056650161743
51,4.935057878494263
52,5.4427173137664795
53,4.842789173126221
54,4.853693962097168
55,5.020550727844238
56,4.754269123077393
57,5.337111949920654
58,4.908414602279663
59,5.4353039264678955
60,4.957919359207153
61,4.884378671646118
62,5.226929426193237
63,4.773644924163818
64,4.180620193481445
65,4.000391960144043
66,4.84125280380249
67,4.822881460189819
68,4.306229829788208
69,4.17211651802063
70,3.8641839027404785
71,5.031109809875488
72,4.590528249740601
73,4.321195125579834
74,4.9526731967926025
75,4.002434492111206
76,4.636721134185791
77,4.166980504989624
78,4.668828248977661
79,4.476720333099365
80,3.9066548347473145
81,5.050338506698608
82,4.4489359855651855
83,4.386112451553345
84,4.709796905517578
85,4.1866350173950195
86,3.9214651584625244
87,5.26214861869812
88,4.690913677215576
89,4.687431812286377
90,3.855306386947632
91,4.713664770126343
92,4.018446445465088
93,4.750963449478149
94,4.181158542633057
95,4.759650468826294
96,4.702357530593872
97,4.945461750030518
98,3.9170098304748535
99,4.780742168426514
100,4.471437692642212
101,4.162159442901611
102,4.505958795547485
103,5.0742833614349365
104,4.459873199462891
105,4.61592173576355
106,4.923864841461182
107,3.894843339920044
108,4.80796480178833
109,4.621279716491699
110,4.6296679973602295
111,3.996483564376831
112,4.908222198486328
113,4.598063230514526
114,4.307304382324219
115,4.563226699829102
116,4.149049997329712
117,5.323163032531738
118,4.807372093200684
119,4.58355188369751
120,3.8933141231536865
121,4.942035913467407
122,3.750063419342041
123,5.111337423324585
124,4.559731721878052
125,5.4976513385772705
126,4.438685178756714
127,4.98480224609375
128,4.887316465377808
129,5.0216381549835205
130,4.834922552108765
131,5.23574686050415
132,5.04180908203125
133,4.787156820297241
134,5.269340753555298
135,4.540830612182617
136,3.8287193775177
137,4.231184482574463
138,3.852747678756714
139,4.058875322341919
140,4.0793139934539795
141,4.886586904525757
142,3.8493239879608154
143,3.757520914077759
144,3.6516823768615723
145,3.7706408500671387
146,3.392362117767334
147,5.0365540981292725
148,3.9230339527130127
149,3.927438259124756
150,3.7511401176452637
151,3.772169589996338
152,3.881641387939453
153,3.7917771339416504
154,4.359889507293701
155,5.541763067245483
156,4.90409517288208
157,5.615396499633789
158,4.800944089889526
159,4.977490186691284
160,5.19587779045105
161,5.0020270347595215
162,5.271503925323486
163,4.995417594909668
164,4.8285112380981445
165,4.993318319320679
166,4.427399635314941
167,4.751598596572876
168,4.682117462158203
169,4.9383392333984375
170,4.079041242599487
171,4.324770212173462
172,3.96661376953125
173,3.8860926628112793
174,3.834074020385742
175,3.82318377494812
176,3.628598213195801
177,4.5534422397613525
178,3.6413116455078125
179,3.565554141998291
180,3.6954545974731445
181,3.748049020767212
182,3.683783531188965
183,4.03641152381897
184,4.729902267456055
185,3.7457025051116943
186,3.7482657432556152
187,3.5054757595062256
188,3.865492105484009
189,5.295449256896973
190,4.8420867919921875
191,4.861489295959473
192,5.146913290023804
193,4.729495525360107
194,4.2907233238220215
195,5.127873182296753
196,4.0914061069488525
197,4.598983287811279
198,4.789728164672852
199,3.6810367107391357
200,4.297654628753662
201,4.821697473526001
202,4.052647113800049
203,4.3504722118377686
204,4.401296854019165
205,4.371315240859985
206,3.933120012283325
207,4.2871856689453125
208,5.017058372497559
209,3.992847442626953
210,4.30907940864563
211,4.146623611450195
212,4.7906177043914795
213,5.030766010284424
214,4.905066251754761
215,5.505873203277588
216,4.88674783706665
217,5.3541529178619385
218,4.325178384780884
219,4.112119436264038
220,4.205579042434692
221,4.906983852386475
222,3.8995370864868164
223,3.733569622039795
224,3.977985382080078
225,5.347059011459351
226,4.378335952758789
227,5.126965522766113
228,5.030583620071411
229,4.957326412200928
230,5.401451349258423
231,5.131376266479492
232,6.870406150817871
233,5.913558483123779
234,6.725579261779785
235,5.807941198348999
236,5.190212249755859
237,8.28188705444336
238,5.860458850860596
239,4.645251750946045
240,6.021711111068726
241,7.271874904632568
242,4.637990713119507
243,5.109405040740967
244,5.084361553192139
245,5.1027915477752686
246,6.044779539108276
247,5.650175094604492
248,6.7824342250823975
249,6.071901798248291
250,5.312119960784912
251,4.56951117515564
252,5.344545602798462
253,4.957845449447632
254,4.596012830734253
255,7.606477975845337
256,5.798449754714966
257,5.33409571647644
258,5.708652973175049
259,6.354084491729736
260,4.3810319900512695
261,6.814223289489746
262,5.4976487159729
263,5.828897476196289
264,5.697641849517822
265,4.925517320632935
266,7.2245094776153564
267,6.845219850540161
268,4.645152807235718
269,5.941436529159546
270,5.267775058746338
271,4.843290567398071
272,4.745306015014648
273,4.872477054595947
274,6.3173909187316895
275,4.904465913772583
276,5.3287107944488525
277,6.670583009719849
278,4.969385862350464
279,5.17972207069397
280,5.5743491649627686
281,5.175639867782593
282,5.313601732254028
283,5.173705577850342
284,7.862389326095581
285,6.20457124710083
286,6.244093894958496
287,5.450113534927368
288,4.788485050201416
289,4.589514970779419
290,5.544361591339111
291,5.706089019775391
292,4.844284534454346
293,6.54790186882019
294,6.888331174850464
295,6.823299169540405
296,4.889662981033325
297,5.662179946899414
298,4.941975116729736
299,4.805589914321899
300,4.798729658126831
301,5.063786506652832
302,6.489684581756592
303,5.382742404937744
304,5.5824995040893555
305,4.605854749679565
306,6.004347562789917
307,6.884099006652832
308,4.791564226150513
309,4.770658731460571
310,5.287530183792114
311,4.505371809005737
312,4.988072633743286
313,6.530527114868164
314,6.00287652015686
315,5.200690984725952
316,5.423283576965332
317,6.507786989212036
318,6.348930597305298
319,5.4649434089660645
320,4.474391222000122
321,4.769430637359619
322,6.601273059844971
323,5.063716173171997
324,4.97773003578186
325,4.602329969406128
326,5.170364856719971
327,4.984563589096069
328,5.688815355300903
329,4.3720948696136475
330,6.339354753494263
331,5.783889293670654
332,6.214283466339111
333,5.305725336074829
334,4.820190668106079
335,4.479274749755859
336,4.854983329772949
337,4.590885639190674
338,4.700480699539185
339,4.368277072906494
340,4.695216417312622
341,4.695146083831787
342,4.865606307983398
343,4.2309935092926025
344,5.043396234512329
345,4.520849943161011
346,4.991488456726074
347,7.640064001083374
348,7.124555587768555
349,6.7215964794158936
350,5.721825361251831
351,5.4307701587677
352,5.387404203414917
353,7.28705358505249
354,7.468815326690674
355,6.786725282669067
356,6.064934730529785
357,5.527554035186768
358,5.724447727203369
359,5.740764856338501
360,5.792218446731567
361,5.59423303604126
362,8.107486248016357
363,7.934655666351318
364,6.8918516635894775
365,6.344377517700195
366,6.436140298843384
367,6.658087491989136
368,7.223257303237915
369,8.046948194503784
370,5.499552965164185
371,5.771843433380127
372,5.804627895355225
373,5.4068603515625
374,7.24833607673645
375,5.036005258560181
376,8.654228448867798
377,7.862255334854126
378,7.246710777282715
379,7.441421747207642
380,6.927254915237427
381,7.684051275253296
382,7.358200550079346
383,6.996367931365967
384,5.694953441619873
385,6.4614057540893555
386,6.226865530014038
387,6.136352062225342
388,6.54771614074707
389,7.863266944885254
390,6.529995441436768
391,6.48459005355835
392,6.679908990859985
393,9.210779428482056
394,7.661353826522827
395,5.509766340255737
396,6.338928937911987
397,9.591851472854614
398,9.239295482635498
399,7.976436138153076
400,6.234172582626343
401,6.17168664932251
402,6.645834445953369
403,6.164747714996338
404,5.700986623764038
405,5.967649698257446
406,5.563813209533691
407,4.8919291496276855
408,4.66097617149353
409,4.373245716094971
410,4.166027307510376
411,4.22694730758667
412,5.033015012741089
413,4.267102003097534
414,4.307250261306763
415,4.164994716644287
416,4.081367015838623
417,4.022199392318726
418,4.072890281677246
419,4.937907934188843
420,4.2736804485321045
421,4.5126378536224365
422,5.231833219528198
423,5.5287957191467285
424,4.580118179321289
425,3.833674430847168
426,5.123256683349609
427,3.954991102218628
428,3.9911632537841797
429,5.066288709640503
430,5.630131959915161
431,5.230773687362671
432,5.68433141708374
433,5.199042797088623
434,5.251236200332642
435,3.981703996658325
436,4.102017402648926
437,4.566652059555054
438,4.177315950393677
439,4.018379211425781
440,4.164483547210693
441,5.376654624938965
442,4.2289276123046875
443,4.957090616226196
444,5.804286241531372
445,5.357150077819824
446,5.833489656448364
447,4.9575653076171875
